"q.seq","1","2","3","4","5","6","7","8","9","10","11","12","13","14","15","16","17","18","19","20","21","22","23","24","25","26","27","28","29","30","31","32","33","34","35","36","37","38","39","40","41","42","43","44","45","46","47","48","49","50","51","52","53","54"
0,31,29,33,31,28,28,25,37,32,20,35,30,29,26,23,34,34,32,23,26,21,26,23,25,21,27,24,20,15,17,19,21,17,18,22,24,37,35,43,38,38,38,40,40,43,28,25,36,30,31,28,27,23,23
0.11,27.8345917067426,25.2132921837302,29.8290928842977,27.518806881869,24.3504361730495,25.1749855741794,21.9930320372371,32.5951491065689,28.2017403315202,17.9796202727249,32.2370352004326,27.2547964384025,27.1274111744835,24.0318372060603,21.2438335823752,31.3519959715902,30.7356470256226,28.5265749141799,18.6916950850959,21.3243013964963,17.331061237295,23.2733521910297,20.1164656755577,21.8520573099627,18.2218689919576,22.8677511910697,21.5921628938765,15.7650837262565,12.0126229092739,13.5492265949243,15.668383062045,17.9741397170965,13.7620307070614,14.8318370086855,18.8817386951305,19.1252724141242,34.2472923317709,31.8269827004575,38.1503019145409,35.2663107098137,34.8951388272081,35.2729003017325,35.9421635737117,35.2958964846065,36.3300709450623,25.3372088297136,22.4650859415864,32.5080891548612,27.1712341937795,28.942644098979,25.2989262471147,22.6228635518081,20.5865123120741,20.4462328090777
0.22,24.9442467480116,21.8772006399991,26.8702169283705,24.3255947999051,21.0397444223601,22.5919052147765,19.2812305474545,28.5285785072982,24.7714187573331,16.1610423562612,29.6131929520541,24.7198691814492,25.3399020198639,22.1173418772154,19.5974653400619,28.8850042594266,27.7510436827441,25.3749582715044,15.027182938138,17.3684502878272,14.1742923198091,20.7144959756979,17.4967645934102,18.9802821968839,15.678974126319,19.2285280372897,19.3761913832459,12.0643682472887,9.47042241508692,10.5617670042591,12.6095809667567,15.0985874939722,10.8531111829209,12.1059135680001,16.0636696202733,14.9354601109033,31.6521694174873,28.9594997630281,33.6689657861247,32.6902255753565,32.0270434090689,32.7232787122604,32.2723180883716,31.1096676041644,30.3715768380638,22.7107469954103,20.0914725048012,29.1062451449812,24.2979174116756,26.8290189709083,22.5956207395412,18.5062770481715,18.2480511043519,18.0770835770361
0.33,22.3473559473923,18.9884139183648,24.1483755102602,21.448941503767,18.1047711588415,20.2693158348192,16.8803428511472,24.853414348335,21.7293660415708,14.5476084658154,27.1474719927392,22.4088038730264,23.6521853393971,20.2802719510177,18.0745819123396,26.6150006958507,25.0578426928731,22.5672067177364,12.022478316763,14.113436923496,11.5331718266198,18.3489801080326,15.1656145574228,16.410266068982,13.3954355888052,16.0926559554798,17.3598090138028,9.00166084913191,7.40225471751275,8.0994063797004,9.9213406396277,12.460009498343,8.36612886411004,9.85271497865683,13.5788976372925,11.5047345166571,29.2193378098765,26.3976285860503,29.5948394429227,30.2751545376731,29.4039001456939,30.3602770119671,28.992162354224,27.4283164390925,25.1765913910075,20.1522851609315,17.9009931157081,25.8355900037339,21.4292439659658,24.6774139027941,19.9311616558227,14.7735402459455,16.0214343590415,15.9210121002429
0.44,20.0506700705159,16.5277405973195,21.6813200944248,18.9045043929373,15.5634411413861,18.2145465305989,14.7942291984193,21.6067597311238,19.0804982721575,13.1348275962172,24.8554631551226,20.3280779566523,22.0758905143116,18.5436335486329,16.6844757691126,24.5514182350465,22.6581421218725,20.1096834356628,9.65008027005313,11.5089672602588,9.38772758489253,16.1980460480953,13.1358002347916,14.1564550630013,11.3882018499143,13.4521877975252,15.5453370168936,6.620762441136,5.79573175448652,6.17576041747958,7.67774215188351,10.136322334439,6.35838143729105,8.06229522087751,11.4440277227387,8.83734933510461,26.9520972128139,24.1315380284513,25.9535252376353,28.0223795191309,27.0264275571568,28.1879478227356,26.093016980994,24.2251685684489,20.7653526112364,17.7008187713798,15.9099289547712,22.7404268624066,18.6291785985808,22.5134516689987,17.357755184984,11.5398689294789,13.9450056033048,13.9972684184292
0.55,18.0488338666932,14.4622408891205,19.477643934176,16.6932124488803,13.4119917660135,16.423440717088,13.0137913708414,18.8035660232605,16.8133561605009,11.9114047421906,22.7482141163791,18.4766829029581,20.6188950246799,16.9276199595985,15.4314408123521,22.6966666953748,20.5446818936041,17.9930596536879,7.84087307756955,9.47745820452123,7.69361651038147,14.2759210403455,11.4057380684065,12.2196076203933,9.66346995409238,11.2790297826542,13.9296882372426,4.88471653831139,4.59909525464082,4.74908200664636,5.9067300022298,8.17963027622186,4.83146268901166,6.68791335927172,9.65586524262407,6.86263246811261,24.8520663376693,22.1431144896553,22.7539441644896,25.9312252179311,24.8884333000371,26.2053579971327,23.5566293900694,21.4630176396784,17.1188857159266,15.3998439434142,14.1274928641596,19.8648817095863,15.9719246803152,20.3700251247972,14.9347375098839,8.88246058720554,12.0540840684004,12.3135849086871
0.66,16.3257084029191,12.7491919479452,17.536054612026,14.8017400356277,11.6263937929071,14.8817561642053,11.5181466220668,16.4345300382123,14.9018670175022,10.86102894601,20.8314654437327,16.8466062535687,19.2850341256817,15.4476795781791,14.3147762369008,21.0464517290262,18.7020848943424,16.1947094989145,6.49867487535286,7.92476098854905,6.38773317234585,12.5878038871599,9.95966798451598,10.5864198757632,8.21455589895222,9.52705573063003,12.5048594666532,3.68737660675089,3.7359905617389,3.73546961499228,4.58120744630276,6.60384605856506,3.7312237802928,5.65989588638524,8.19211203074188,5.45700515493704,22.9189504675152,20.4083429381095,19.9872026757759,23.9992681590498,22.9779850455196,24.4071121788643,21.3569498392662,19.0979517038164,14.1792925458855,13.2920998082634,12.5550666699682,17.2481247269161,13.5322975461224,18.2857709056826,12.7207386018182,6.81539697255989,10.3756777146785,10.8657271269582
0.77,14.8570742259764,11.3409262325675,15.8460166472762,13.2051546468534,10.1675359855147,13.5677921646578,10.2777277633004,14.4688635640012,13.3093345726226,9.96447199751733,19.1054085936241,15.4240627103992,18.0742187147172,14.11314214696,13.3293648167547,19.5907901229489,17.1088680106132,14.6827511408802,5.52037860238246,6.75370673478588,5.3983920645326,11.1291780322471,8.77051650264696,9.23162967040523,7.0222601025295,8.13801279285138,11.2588371588591,2.89253248017646,3.12511229732063,3.0353010375693,3.63114896954913,5.38399475103137,2.96973333704692,4.90262558542635,7.01602554780544,4.480661878201,21.150392893095,18.8999202432503,17.6282048363394,22.2225560718367,21.2789528984265,22.7841886008231,19.462550686122,17.0831584402997,11.8587933875521,11.4127166352806,11.1864139915408,14.9190341675539,11.3725102071412,16.3017880067503,10.7633772058263,5.28600716993943,8.92403171195637,9.63904639273598
0.88,13.6139582250198,10.1894147837004,14.3895673079945,11.8709340350102,8.98829689982234,12.4555198616159,9.25833089023406,12.8608243423308,11.9934470391692,9.20155787284381,17.5650108110345,14.1911930476242,16.9829094912639,12.92671652219,12.4666604096081,18.3154735877769,15.7397939768711,13.4205903662347,4.81246883447306,5.87548877946692,4.65579307030648,9.88670256624153,7.80442861890473,8.1219829338292,6.05780160980061,7.04925658631607,10.1767565590935,2.37376082159594,2.69504254030412,2.5571624474614,2.96905593193622,4.46770445609937,2.4543321778934,4.34744084382516,6.0832933398989,3.80820956814932,19.54194674267,17.5896355866754,15.6395750975205,20.5958197420755,19.7726478458386,21.3249393257162,17.8392391010553,15.3721522342429,10.054442890959,9.78281454204964,10.0088393625374,12.8918113593469,9.52982615361113,14.4568848294808,9.0899401145498,4.19672843878917,7.69866555167062,8.61149554384845
0.99,12.5658082861721,9.24976209996376,13.1438077425253,10.7632424611172,8.04025752962243,11.5175081804493,8.42498471222466,11.5576063671176,10.9109835191883,8.55270843627915,16.2008293368273,13.1278831268213,16.004834015146,11.8849302189106,11.7158544458277,17.2036788537357,14.5681310414624,12.370933225917,4.2992908875896,5.21601963130378,4.09920800915721,8.84040223834541,7.0254918595631,7.22082344288126,5.28728647394929,6.20077624038177,9.24212549240059,2.0345415215262,2.39044224569657,2.22965023221497,2.51301201643797,3.79198457739589,2.1072752858523,3.93872649136574,5.3487201080419,3.34259391565378,18.0871874995206,16.4502255351518,13.9767655960493,19.1126714818241,18.4393212765512,20.0161062876131,16.4524396105478,13.9211260397579,8.66307480361576,8.40599521324115,9.00501008997017,11.1641003597424,8.01052262472066,12.7823827776299,7.70302461392178,3.43785787492671,6.68566000716445,7.75716686425651
1.1,11.6829879950402,8.48229846640187,12.0834828304672,9.84653594822648,7.27854818956499,10.727186191731,7.74486183653162,10.5062594369258,10.0213332861659,7.99995805736173,15.000142092112,12.2134016301937,15.1318087173669,10.9793187631586,11.0650043546993,16.2374602431974,13.5675078784365,11.4986797136694,3.92409993173947,4.71740467464253,3.6799043109082,7.96648761991258,6.39946955186703,6.49208974270001,4.6761898198343,5.53982777223025,8.43794513432094,1.80939362288202,2.17168157997611,2.00229505117412,2.19822129284099,3.29706047804673,1.87171398504304,3.63460140407072,4.77101172648486,3.01526250472096,16.7779631900394,15.4566060605078,12.5930565839082,17.7657940528038,17.2593753444284,18.8437350752246,15.2690622220003,12.6903876435088,7.59207161548748,7.2691095479708,8.15501544609175,9.71834868126601,6.79281664573096,11.2979884009745,6.58296618141354,2.91246401521129,5.86154718182301,7.04946159919596
1.21,10.9383974056413,7.85340453521747,11.1831837589842,9.08802749056297,6.66444345706534,10.0602913768292,7.18898078091869,9.65836593335644,9.28855848565054,7.52747748295902,13.9481845105638,11.4276716138482,14.3545403830212,10.1980082662969,10.5019741559284,15.3989557273917,12.713221510365,10.7725926855679,3.64625509759978,4.33633399514389,3.36086597116763,7.24007314151214,5.89605842370745,5.90302770406556,4.19269154938533,5.02288661743207,7.74761547526371,1.65660151186221,2.01162105329186,1.84136611103882,1.97836044004679,2.93354743586928,1.70922852398549,3.40487518073241,4.31519603674601,2.78020829110736,15.6047553965916,14.5865314546026,11.4435058454451,16.5471283833371,16.2142261092619,17.7939145841062,14.2587484968644,11.6450152170452,6.76455658950599,6.34669417328313,7.43825820209203,8.52585338396739,5.83654182049925,10.0100362799513,5.69535924859511,2.54641314135386,5.19818941563131,6.46337138918107
1.32,10.3082885685603,7.33543136518069,10.4189333653394,8.45899389920914,6.16612061402444,9.49558523296623,6.732854979901,8.97236263537021,8.68219569697214,7.12172376578936,13.0293051639867,10.7521181124642,13.6633182070785,9.52731953563819,10.015120300059,14.6712419645931,11.9830047596515,10.1659536276208,3.43735366420725,4.04124566346668,3.11492520084454,6.63728591012195,5.48979686554172,5.42553779044424,3.80947718360752,4.61558808478481,7.15557861199019,1.55025227450103,1.89205546801991,1.72488502675935,1.8221055346368,2.66395959781353,1.59483778474643,3.22828431160381,3.95315046687156,2.60726291361025,14.557106856717,13.8208071851378,10.4874692389367,15.4480671657163,15.2868341738526,16.8533165693502,13.3945338133676,10.7549427609033,6.12008487687584,5.60697579590729,6.83491547272471,7.55198587687784,5.09446318755679,8.91249419663873,4.99989950660033,2.28764057000577,4.667062949221,5.97677164309549
1.43,9.77247644311901,6.90610413331496,9.7691279758627,7.93517462153301,5.75827340365244,9.0150276276222,6.35642109681186,8.41407735927923,8.17719066147895,6.77134802020169,12.2279149986147,10.1701290513086,13.0485511878052,8.95312423421394,9.59372387057346,14.0388546263475,11.3573504204255,9.65653199829744,3.27773250166529,3.80943735491891,2.92251214292036,6.13658475173437,5.1600406164844,5.03646290016736,3.50423844185561,4.29157474849036,6.6477078504095,1.4742820110513,1.80083099916383,1.63861125665645,1.70880079096041,2.46121679896023,1.51250447196262,3.08999203211423,3.66301194789457,2.4767467810984,13.6240648694277,13.1432012008447,9.68979133544897,14.4596560846003,14.461960401085,16.0095443608664,12.6530475417831,9.99468563939917,5.61277572731924,5.01726976687926,6.32688127720397,6.76100769267425,4.52100107394658,7.99004861095012,4.45736665238747,2.1011886934902,4.24210610140033,5.57090363442208
1.54,9.31416749923833,6.54771252796295,9.21494443509591,7.49658826591915,5.4211896973716,8.60361353274592,6.04357440958461,7.95620748495787,7.75335403762704,6.46697240204404,11.5291767791839,9.66721567323383,12.5011430565634,8.4618276602318,9.22821072432431,13.4880356642314,10.8195213885488,9.22617152428278,3.15377310908348,3.62463973413291,2.76963571472793,5.71936530282968,4.89043710866156,4.71723152767953,3.25935468889132,4.03097544567022,6.21148474801486,1.41862371626682,1.72979135965207,1.5732596360893,1.62490386990876,2.30625161791636,1.45190593333949,2.97964883065405,3.42812472196298,2.37575061839434,12.7945943765957,12.5401801120464,9.02101162966844,13.572797910786,13.7262197439795,15.2513209712906,12.0143970383089,9.3428759764395,5.20851561682951,4.54759144750225,5.89823885925553,6.11951226783637,4.07693742696297,7.22199949683022,4.03356807982749,1.96400930670682,3.90108659402825,5.23031893329978
1.65,8.91958953614057,6.24627969659969,8.74037091488703,7.1270482955843,5.13969329700445,8.24903681478919,5.7815524929627,7.57732708339101,7.39462573068087,6.20091543910808,10.919439877009,9.23096909642337,12.012721833841,8.04097395573733,8.91021593435705,13.0067835054288,10.3553680999038,8.86021564977346,3.05598132187342,3.47516289140247,2.64629194561325,5.37004855821761,4.66821458438004,4.45320541345259,3.06119652974827,3.81893462960972,5.83601965405314,1.37685883351864,1.67340133553413,1.52269685460566,1.561486072609,2.1857704714701,1.40632423631064,2.88999566746386,3.23593002044356,2.29570716846462,12.057927202636,12.000564842738,8.4569720714513,12.7784497549055,13.0680029597338,14.5685550017529,11.4618668118657,8.78172653110522,4.88219045733999,4.17239046497782,5.5353790400632,5.5982981217919,3.73082841892183,6.58580404928643,3.70068199240106,1.86092851263385,3.62588186351996,4.94253557885517
1.76,8.57754948419584,5.99080934277286,8.33201185196787,6.81357313409446,4.90215952078695,7.94129324200474,5.56031235857355,7.26079195052557,7.08832325632768,5.96691455713113,10.3864610565966,8.85089713205,11.5757532251388,7.67954012746583,8.63254661266466,12.5847766661422,9.95304808472605,8.54690942198268,2.97767061400464,3.35255085305302,2.54529076970407,5.07586155505122,4.48347062621455,4.23295975118642,2.89934377513764,3.64436978919324,5.51196977904296,1.34481265554388,1.62784916987622,1.48280419601266,1.51259027643303,2.09050311221695,1.3713206183898,2.81589479930212,3.07698774567053,2.23084581776992,11.4038296907233,11.5151684794098,7.97813834008531,12.0678019803177,12.4773232159132,13.9523219688107,10.9815327674702,8.29649629109375,4.61535323081911,3.87091515483852,5.226891958206,5.17298125222329,3.45851815391926,6.0596371149898,3.43701796818133,1.78187330106939,3.40214358320159,4.69758356002883
1.87,8.278994858602,5.77264930107693,7.97878274485671,6.54580471445668,4.69968698910438,7.67228888151237,5.3719725438985,6.9937310214111,6.82446258461882,5.75987176506944,9.91946564139284,8.51820421118655,11.1835695420465,7.36800877586702,8.38908673006524,12.2132267216133,9.6027125042569,8.27684959757208,2.91407437391881,3.25063055303685,2.46142137165865,4.82647417546298,4.32854598172287,4.04761659046729,2.76586850672173,3.49899446471774,5.23139933512249,1.31971325039612,1.59046644397207,1.45076528093163,1.47418203792006,2.0139429170621,1.3439122580112,2.75366877829305,2.94418849220729,2.17721549532999,10.8227855177873,11.0764532847347,7.56884254968472,11.4324287031972,11.9456291844599,13.3947929889735,10.5618582210247,7.87499731275132,4.39441360575079,3.62681344191066,4.96333835870175,4.82381198490148,3.24189109555246,5.62386993070343,3.2260825014439,1.72006566353158,3.21870790338149,4.48754511240697
1.98,8.01661728522837,5.58497551750481,7.67157177389566,6.3154905685139,4.52543871920866,7.43548705402438,5.21034542963764,6.76619646494658,6.59518445538815,5.57563341672592,9.5091020521211,8.22555609378848,10.8303425730629,7.09830316958729,8.17467518039553,11.8847003362746,9.29619903704288,8.04251227757868,2.86175004166966,3.16484769742984,2.39086857276412,4.61359882822792,4.19751014052292,3.890279847851,2.65473948420733,3.37658066933988,4.98761437000691,1.29968213570348,1.55935264385789,1.42461806316166,1.44348427973478,1.9514761354095,1.3220595790892,2.70065221687466,2.83214966477398,2.1320644904309,10.3061011674637,10.6782255357603,7.21656386801164,10.8644034376536,11.4656121004183,12.8891353115843,10.1933109009096,7.50716013900212,4.20929467237357,3.42742706180384,4.73697507590413,4.53510028089259,3.06751718487019,5.26168204500101,3.05549310572685,1.6708710001424,3.06696708608589,4.30614182658822
2.09,7.78451288416945,5.42238420735638,7.40291307033233,6.1160482648527,4.37413473039125,7.22560630563898,5.07056034742108,6.57048245053173,6.39428886359597,5.41080614965905,9.14733353165965,7.96685397461866,10.5110230924436,6.86364928622466,7.98497736925871,11.5929359418352,9.02675186863075,7.83786332895149,2.81817800312079,3.091804422172,2.33080734568309,4.43061192312913,4.08575524292524,3.75558007444381,2.56135365720471,3.27241446287511,4.77499387171815,1.28342090802473,1.53313042541245,1.40297014223055,1.41855353601766,1.89979065294014,1.3043437305808,2.65488752982952,2.73676541123492,2.09344312751828,9.84594763695453,10.3153750309505,6.91129993569011,10.356377847241,11.0310230868917,12.4294019489536,9.86802046860861,7.18466190090771,4.05246018649852,3.26304519091023,4.5414803343626,4.2945194046647,2.9254713584878,4.95910994275589,2.91599579473291,1.63106611886178,2.94030529110709,4.14838727663581
2.2,7.57790098409282,5.28057441837603,7.16669381864323,5.94221160961429,4.24166860131706,7.03837030763711,4.94876703998392,6.40059486790687,6.216866479594,5.26260654830845,8.82729939072004,7.73703052929581,10.2212636082215,6.65840874951684,7.81636222348304,11.3326699437432,8.78877737822796,7.65804507579335,2.7814896562295,3.02893663767273,2.27912100073821,4.27222346057843,3.98968290862948,3.63931848862324,2.48217900193503,3.18289863164636,4.58882996396003,1.27001498988009,1.51078437652247,1.3848154324007,1.39800734861531,1.8564766443877,1.28976095172025,2.61491736729167,2.65487608559827,2.0599461288752,9.43535404351788,9.9836591432064,6.64504394118258,9.90162551934878,10.6365090583241,12.0104215761239,9.57948345733848,6.90061411019779,3.91821828025929,3.12624020759051,4.37170281570071,4.0924355058823,2.80840205288571,4.70479457715358,2.80066830235777,1.59837100085197,2.83363305264974,4.01030598109656
2.31,7.39289610872063,5.15610306492379,6.95790320345059,5.78974931347642,4.12482060723705,6.87030499605685,4.84190564564871,6.25184547594817,6.05901110200542,5.12874014702286,8.54316748801338,7.53187271011169,9.95733561560183,6.47790940920169,7.66579071780388,11.0994799525175,8.57763691985227,7.49912819126101,2.750281284746,2.97428752209874,2.23420445752505,4.13420186289979,3.90646587263524,3.5381934448418,2.41448691502108,3.10526393604025,4.4251837678964,1.25880847644838,1.49155345002844,1.36941433821163,1.38084663335947,1.81975627814915,1.2775895052361,2.57964195261828,2.58402701365908,2.0305433196748,9.06816808865568,9.67952761620571,6.41136251939132,9.49405547741802,10.2774702737461,11.6276952495009,9.32231522086246,6.64930386789933,3.80222488337785,3.01132430180364,4.22344432601305,3.92132705373724,2.71083266867755,4.48960750447672,2.70430946259894,1.57114587913614,2.74302077611706,3.8887114035294
2.42,7.22632565692113,5.04619663163032,6.77242326057219,5.65524409569087,4.02104404149046,6.71857615216228,4.74752968497363,6.12054409714938,5.91759719763949,5.00730492644449,8.28999121381159,7.34787159233475,9.71604843663011,6.31828797689991,7.53071831626027,10.8896478336077,8.38947429104421,7.35791697752395,2.72348527629937,2.92634723645332,2.19482596383795,4.01315134017328,3.83386773073965,3.44959221442904,2.35615341881341,3.03735916129681,4.28075942312006,1.24932288752321,1.47485821913735,1.35621421403978,1.36633829073004,1.78829960493242,1.26730225763794,2.54822015055449,2.52229256297745,2.00446684722814,8.73899608371724,9.39998269612594,6.20506128414165,9.12820160486267,9.94993946581924,11.2773032383262,9.09204477043824,6.42598113280207,3.70112905187816,2.91392495269365,4.09327771353471,3.77531047906395,2.6286513872394,4.30625985563689,2.62298517295204,1.54819254915577,2.66541778152668,3.78103307676199
2.53,7.07558533095914,4.94860654603117,6.60685779564705,5.53592042917573,3.92830612536958,6.58086036965092,4.66367032271368,6.00376609893877,5.79010848905444,4.89671473217066,8.06357817443145,7.18209722732501,9.4946736901387,6.17635114470139,7.40901154741463,10.7000426051844,8.22107379819483,7.23179723524025,2.70027999272675,2.88393845513085,2.16002908462677,3.90633494432876,3.77010690794086,3.3714331244726,2.30551190329248,2.97749793256604,4.15279630794879,1.24120350437284,1.46025097979691,1.34479572896782,1.35393650359616,1.76109803827321,1.25850838480278,2.52000018250202,2.46814745877158,1.98113501148436,8.44313242327198,9.14246881183943,6.02192266008902,8.79919445615453,9.65048078826522,10.9558231291866,8.88494688086333,6.22668478336486,3.61231844141227,2.83066168835696,3.97839751162824,3.64976548493789,2.55874316466911,4.14894525141637,2.55369590256536,1.52862210704518,2.59844004498252,3.68518302856402
2.64,6.93852502291095,4.86149793109909,6.45839404743582,5.42951060222318,3.84496930111631,6.45524296970401,4.58873234404519,5.8991768458673,5.67450601674871,4.79563863027067,7.86037374553372,7.03209545506159,9.29087736791547,6.04945688155584,7.29887777014179,10.5280217460904,8.06974436598929,7.11861757225753,2.68002595445013,2.84613381235583,2.12906259723544,3.81153542042929,3.71375390457042,3.30204592849847,2.26124394168026,2.92434634023599,4.03897817153242,1.2341833339204,1.44738102699417,1.33483613040208,1.34322921379426,1.73737651499183,1.2509139317234,2.49447059670657,2.42037214710646,1.96010012254526,8.17648564483154,8.90478630906059,5.85850153327844,8.50272142384013,9.37610608938476,10.6602590704789,8.69790560581504,6.04810085373692,3.5337353931008,2.75890330821158,3.87649904802948,3.54104484604806,2.49872535605996,4.01303583497203,2.49413472682024,1.51176557918385,2.54021095432391,3.59945291407153
2.75,6.81335891250739,4.78336377841596,6.32469159394171,5.33415058311622,3.76970229931725,6.34013736217933,4.52141431916013,5.80489893298851,5.56912648586327,4.70295287900419,7.67736018147014,6.89580339370706,9.10266016634574,5.93541505985365,7.1988066601927,10.3713488225476,7.93322531886889,7.01659672358172,2.66222013148297,2.81219576657917,2.10132986839051,3.72694640627178,3.66365344997771,3.24008096812894,2.22229805743171,2.87683995676256,3.93735728516215,1.2280585230477,1.43597013867237,1.32608369235772,1.33390121229574,1.71653183232605,1.24429475201072,2.47122519666512,2.37798270713652,1.94101233158935,7.93550586169029,8.68502436167112,5.71196627520524,8.23498027763946,9.12420585467439,10.3879813179936,8.52830374225869,5.88744718277945,3.46374295798625,2.69658666038412,3.78568137808656,3.44625205514967,2.44675757419521,3.89483374916073,2.44251135581315,1.49711263763992,2.48924207747842,3.52243480209848
2.86,6.69859463280211,4.7129584665102,6.20379345123132,5.24829890496609,3.7014131572589,6.23422132936554,4.46064715399818,5.71941144329106,5.47260375888015,4.61770282674437,7.5119705674837,6.77148049044068,8.92830592639809,5.83240538097403,7.10752179448835,10.2281251671281,7.8096099348935,6.92425100624421,2.64646283081797,2.78153235469582,2.07635194484579,3.65108756000207,3.618865271587,3.18443994495151,2.18782898030414,2.83412210850163,3.84629154845876,1.22267132832258,1.4257950170194,1.31833967463052,1.32570834145514,1.69808886190427,1.23847768857762,2.44993767766216,2.34017852633422,1.92359421664466,7.71711651126976,8.48150891969326,5.579974981685,7.99262998448521,8.89249230855514,10.1366749226979,8.37393345595555,5.74237960078253,3.40102643235002,2.64208154850529,3.70436968528745,3.36307179988174,2.40140434342745,3.79137275193288,2.397423788905,1.48426897106254,2.44434377556778,3.45296003871474
2.97,6.59297737175009,4.64924602042658,6.09405501124125,5.17067327748238,3.63919845560821,6.13638659981177,4.40554660771448,5.64147317251425,5.38380802086854,4.5390725957605,7.36201620618064,6.65765236498223,8.7663375981098,5.73891017068532,7.02394075987522,10.0967334287442,7.69728343972423,6.84033733257192,2.63243344350801,2.75366431566912,2.05374038217131,3.58273835033855,3.57861879273495,3.13422291182666,2.15715194575975,2.795497605194,3.76439255439616,1.21789814685058,1.41667453504398,1.31144539876169,1.31845922878154,1.68166909421792,1.23332731363922,2.43034308059892,2.30630289966779,1.90762269958113,7.51865200976767,8.29276229036784,5.46057888273836,7.7727416503188,8.67895245820561,9.90429631867502,8.23292402060035,5.61091560262514,3.3445203221995,2.5940898444227,3.63125335306676,3.28964085949654,2.36153526091801,3.70026205833412,2.35776422808922,1.47292622279566,2.404557958305,3.3900518765661
3.08,6.49544564210299,4.59135963508478,5.99408720212758,5.10020084483073,3.58230458263034,6.04569883796828,4.35537643301603,5.57006382432983,5.30179845056879,4.46636086815918,7.22562576725551,6.55306508019324,8.61547994152659,5.65365963675654,6.94714236108917,9.97579102309811,7.59487266796913,6.76380825061414,2.61987249105315,2.72820042709656,2.03317705063179,3.52088631607864,3.5422782831273,3.08868746349602,2.12970808015985,2.76039778494049,3.69048280341172,1.21364098667187,1.40846034632049,1.30527285942758,1.31200219125569,1.66696777689304,1.22873646706826,2.41222408049637,2.27581309656072,1.892916020836,7.3378019709462,8.11747162443047,5.35214667021607,7.5727515010155,8.48180920198074,9.68903662004646,8.10368332790756,5.49137218151352,3.2933536630912,2.55156985571951,3.56523653792834,3.22444963497529,2.32625187675059,3.61956435662832,2.32264965962818,1.46284051146334,2.36910724874337,3.3328885812608
3.19,6.40509616094301,4.53856983727807,5.90271093605141,5.03597896456554,3.53009796112145,5.96136579568527,4.30951961686207,5.504338722279,5.22578623601274,4.39896145865424,7.10119451561542,6.45664786770696,8.47462811483441,5.57558740187535,6.87633968768571,9.86411176996323,7.50120512353795,6.69377630052002,2.60856819828305,2.7048188310347,2.01439898479944,3.46468651421326,3.50931588569858,3.04721713580835,2.10503799662912,2.72835390143517,3.62356048838631,1.20982130722863,1.40102987972972,1.29971781261066,1.30621573344977,1.65373710644642,1.22461942209251,2.39540073813177,2.24825741729958,1.87932424422786,7.1725620407478,7.95446416597192,5.25330493415134,7.39041708086096,8.29948895596291,9.48929055318146,7.98485044952943,5.38231511515834,3.24680870239184,2.5136793331513,3.50539866424434,3.16626679764701,2.29483370436402,3.54770084345062,2.29137026397842,1.45381689042902,2.33735632909717,3.28077452553228
3.3,6.321155847191,4.4902593019503,5.81892049709782,4.97724412181156,3.4820419916181,5.88271186705705,4.26745581963447,5.44359373020414,5.15510553803645,4.33634765047327,6.98734204949663,6.36748269061621,8.34282132187668,5.50379442015927,6.81085798803245,9.76067426318914,7.41527560328543,6.62948560939871,2.59834635245376,2.6832527682588,1.9971869116842,3.41342961707883,3.47929060789258,3.00929678785804,2.08276150816673,2.69897670689029,3.56277050829622,1.20637551476694,1.39428104756068,1.29469462238542,1.30100157340821,1.64177373006247,1.22090689010287,2.37972275752354,2.22325745176006,1.8667222535797,7.02119103313239,7.80268761355662,5.16289103093799,7.22377729138325,8.13059454817072,9.30363009294581,7.87525706051262,5.28251751122535,3.20428939479816,2.47973226706067,3.4509627748811,3.11408137196801,2.26669801755716,3.48337733227061,2.26335078008134,1.44569796901728,2.3087823608405,3.23311739385329
3.41,6.24295939174642,4.44590281884839,5.7418540092973,4.92334715803542,3.43767905943544,5.80915767791253,4.22874357710981,5.38723791884294,5.08919058292618,4.27805949883884,6.88287715463477,6.28477932932574,8.21922075629905,5.43751968900444,6.75011647320134,9.664595759446,7.33621890826199,6.57028913257722,2.5890625719671,2.66327958688057,1.98135648516961,3.36651670425789,3.4518318541458,2.97449330681111,2.0625619277543,2.67194067078563,3.50738058798516,1.20325162810755,1.38812820015389,1.29013237272411,1.29627946693881,1.63090934908816,1.21754232775294,2.36506357502413,2.20049424310399,1.85500452763208,6.88217385349806,7.66119433646562,5.07991557863411,7.07111649845872,7.97388238109942,9.13078201521848,7.77389597078397,5.19092584215519,3.16529716846981,2.44916592486182,3.40127009940427,3.06705798681561,2.2413696565208,3.42552667566109,2.2381213430528,1.43835548558203,2.28295219695025,3.18941008281341
3.52,6.16993120267608,4.4050512657899,5.67076951878797,4.87373342314195,3.39661638457128,5.74020364514296,4.19300617892468,5.33477214010457,5.02755750092868,4.2236934835857,6.78676857121836,6.20785493044058,8.10309116385509,5.37611644791856,6.69361332757145,9.57511058318144,7.26328746085173,6.51563031910988,2.58059635898302,2.64471220439776,1.96675152859428,3.3234392494316,3.4266264359251,2.94244039252554,2.04417383122825,2.6469716930426,3.4567615757154,1.20040678225079,1.38249899866671,1.28597190070322,1.29198332558879,1.62100357852055,1.21447917659892,2.35131580074925,2.17969740766341,1.8440811976414,6.75418960824397,7.52912850291585,5.00353243979999,6.93093267078082,7.82824306922504,8.96960870996326,7.67989536581207,5.1066320439794,3.12941212524554,2.42151553319147,3.35575954803275,3.02450210502613,2.21845815759563,3.37326377375806,2.21529529840268,1.43168399855623,2.25950470647888,3.14921622979171
3.63,6.10157079712852,4.36731871511622,5.60502553787664,4.82792678493283,3.35851480770086,5.67541667670298,4.1599203989272,5.28577213093801,4.96978985538065,4.17289402941197,6.6981206546531,6.13611716648955,7.99378543343945,5.31903279971853,6.64091333438181,9.49155222584163,7.19583288317342,6.46502826076288,2.57284648493619,2.62739242367381,1.95323877997513,3.28376315176971,3.40340826064619,2.91282648732431,2.02737345220759,2.62383747046132,3.41037115651783,1.19780533880624,1.37733197212564,1.28216350888845,1.28805827516571,1.61193846463984,1.21167877779979,2.33838766848646,2.16063651169051,1.83387503984436,6.63608428153779,7.40571541923909,4.93301455665266,6.80190934713674,7.69268492315614,8.81909171446386,7.59249764237893,5.02885053236004,3.09627833729491,2.39639469948372,3.31395111551749,2.98583284593143,2.19764028520727,3.32585028642374,2.19455219176854,1.42559611403226,2.23813697050867,3.11215856212276
3.74,6.03744091938373,4.33237200333559,5.54406514603722,4.78551667629436,3.32307983505808,5.61441936536905,4.12920744908096,5.23987510919635,4.91552705457348,4.12534651792516,6.61615307821118,6.06905032263935,7.89073171307231,5.26579589456626,6.59163763436588,9.41333846855495,7.13329078188771,6.4180655976923,2.56572738085999,2.61118566127589,1.94070377090002,3.24711592850543,3.38195009665721,2.88538514453166,2.01197109144189,2.60233989206394,3.3677403589462,1.19541744086965,1.37257459030466,1.27866518406661,1.28445840509201,1.60361423396335,1.20910878066397,2.3262002450724,2.14311418535973,1.82431915623228,6.5268473845716,7.2902525629572,4.86773438490985,6.68289113633159,7.5663197823627,8.67831752372402,7.51104195245428,4.95689921336849,3.06559225770977,2.37348016914612,3.27543239678978,2.95056161441164,2.17864658097028,3.2826668357239,2.17562462678393,1.42001883986792,2.218593428456,3.0779094529629
3.85,5.97715782445081,4.29992224756372,5.48740293662049,4.74614754723932,3.29005443345235,5.55688117019566,4.10062567612404,5.19676907651696,4.86445502542555,4.08077149716123,6.54018387134576,6.00620376184026,7.79342262523028,5.21599898620737,6.54545522622489,9.33995898230186,7.07516813574734,6.37437861702041,2.55916629165943,2.59597676020825,1.92904756764092,3.2131763889329,3.36205695680979,2.85988729901508,1.9978050783993,2.58230899660721,3.32846234834626,1.19321789691429,1.36818172966318,1.27544119754767,1.28114503020435,1.5959459657842,1.20674191618019,2.31468521722508,2.12696058478865,1.81535516715628,6.42559202932028,7.18210193024538,4.80714796138479,6.57286241002056,7.44835080019968,8.54646531550354,7.43494974841345,4.89018374657173,3.03709351737216,2.3524998787718,3.23984758685637,2.91827519421285,2.16125092410067,3.24319100462929,2.15828803555579,1.4148907740934,2.20065728745883,3.04618321516705
3.96,5.92038328984244,4.26971790880062,5.43461424933585,4.70951023087186,3.2592131908687,5.5025111885548,4.07396463142287,5.15618423137689,4.81629866976406,4.03891985721233,6.46961521146143,5.94718232805688,7.70140622492572,5.16929080693002,6.50207589174359,9.27096496175738,7.02103280239993,6.33364910496105,2.55310101596888,2.5816666414898,1.91818417324129,3.18166626517702,3.34356075148086,2.83613502960184,1.9847369369712,2.56359814091369,3.292183094444,1.19118531074111,1.36411444187295,1.27246099593199,1.27808533629745,1.58886096425116,1.20455504297192,2.30378312155074,2.1120289081486,1.80693178824841,6.33153793564025,7.08068341972166,4.75078185915236,6.47092883828909,7.33806186408443,8.42279629301685,7.36371276559468,4.82818446229755,3.01055756475229,2.33322353125716,3.20688847076629,2.88862229290086,2.14526236698808,3.20697983622216,2.14235265845925,1.41015991719312,2.18414367902707,3.0167297732845
4.07,5.86681801312765,4.24153909071263,5.38532624654903,4.67533484058599,3.23035755014084,5.45105220605663,4.0490402286274,5.11788603620131,4.7708157318419,3.99956878932676,6.40392149077535,5.89163833357982,7.61427840351188,5.12536681813972,6.46124428848211,9.20596043211103,6.97050475639255,6.29559760847782,2.54747809839557,2.56816960929543,1.90803844024849,3.1523433933681,3.32631594307004,2.81395649822843,1.9726474913555,2.54608011272713,3.2585935782062,1.18930139724718,1.36033895754091,1.26969831510038,1.27525131567148,1.58229666530688,1.20252839853645,2.29344191774674,2.09819174213609,1.79900369867374,6.24399693978924,6.98546904842839,4.69822245034616,6.37630142819376,7.23480839514197,8.30664440127575,7.29688299115331,4.77044545051942,2.9857897396768,2.31545511293388,3.17628701357218,2.86130277087352,2.13051870300452,3.17365584133466,2.12765721191645,1.405781955241,2.16889417345688,2.9893294356549
4.18,5.81619612619544,4.21519283036025,5.33921048346678,4.64338489867851,3.20331189177009,5.40227577721632,4.02569076766832,5.08166958813662,4.72779178805814,3.96251838366475,6.34263926591945,5.83926484524383,7.53167649183174,5.08396198177419,6.42273500161506,9.14459493554105,6.9232487461479,6.25997783577069,2.54225137387002,2.55541116880782,1.89854438096391,3.12499612922601,3.310195995115,2.79320182231313,1.96143371070365,2.52964398492789,3.22742326553517,1.18755043982743,1.35682587440304,1.26713046728458,1.27261892377395,1.57619895629126,1.20064500660408,2.28361582988483,2.08533806718863,1.79153063229996,6.16236062962861,6.89597784921133,4.64910702344513,6.2882827479107,7.13800931944451,8.1974082156595,7.23406425757867,4.71656543135815,2.96262047086861,2.29902691567449,3.14780924150248,2.83605896961062,2.1168813630725,3.14289575330165,2.11406385496259,1.40171890155854,2.15477235606624,2.9637885504758
4.29,5.76828061391861,4.19050918937434,5.29597669415205,4.61345246028045,3.17792029335462,5.35597814081541,4.00377365240536,5.04735502292344,4.68703613298863,3.92758875034865,6.28535876866818,5.78979003925725,7.45327385890293,5.04484476823032,6.38634838574019,9.08655735851134,6.87896811798759,6.22657198150567,2.53738078801874,2.54332624892748,1.8896437894608,3.09943875129528,3.29509045543825,2.77373969115204,1.95100613784281,2.5141925551184,3.19843462604876,1.18591885668931,1.35354949143127,1.26473776346063,1.27016740582884,1.57052081670634,1.19889020428061,2.2742643988374,2.07337078881154,1.78447664100746,6.08608978450035,6.811771336888,4.60311639904334,6.20625504768997,7.04714004034375,8.09454383554426,7.17490517007833,4.6661900913654,2.94090136020775,2.28379473255967,3.12125016913429,2.81266869118261,2.10423133889414,3.11442144376071,2.10145416200892,1.39793801368511,2.14166023898797,2.93993587673605
4.4,5.72285946896361,4.16733799426705,5.25536757156184,4.58535404574083,3.15404383182498,5.31197681383867,3.98316266659873,5.01478374186032,4.64837838444214,3.89461757147318,6.23171671407345,5.74297243815187,7.37877533784179,5.00781217257133,6.35190705912293,9.0315707050946,6.8373996033267,6.1951868066273,2.53283143539835,2.53185774668432,1.88128510990745,3.0755076582873,3.28090254796022,2.75545457854092,1.94128678252653,2.49964025007054,3.17141851619236,1.18439485162611,1.35048725926647,1.26250304237112,1.26787875522179,1.56522121100588,1.19725126187639,2.26535170231329,2.06220469176851,1.77780949213055,6.01470534498352,6.73244945779355,4.55996876286576,6.12967001958369,6.96172627080519,7.9975586434133,7.11909313325645,4.61900562924853,2.92050197125462,2.26963397425024,3.09642957717776,2.79093948397334,2.09246590499137,3.08799254666058,2.08972588032707,1.39441092348417,2.12945533445349,2.91761953683975
4.51,5.67974244880499,4.14554610572616,5.21715436394201,4.55892723281355,3.13155832404483,5.27010773919572,3.96374570162803,4.98381529801302,4.61166566783594,3.8634580098171,6.18139018954693,5.69859687838416,7.30791334018093,4.97268555543163,6.31925293834958,8.97938765710951,6.79830890353266,6.16565033683249,2.52857277081093,2.52095532880716,1.87342250087104,3.0530582080377,3.26754717476959,2.73824443556023,1.93220738626023,2.48591140138674,3.14619027907818,1.18296813081202,1.34761932407198,1.26041128417935,1.26573727480437,1.5602641807176,1.19571707503881,2.25684570893849,2.0517647362045,1.77150017133804,5.94778067916664,6.65764695662233,4.51941449263739,6.05803996846413,6.88133860799663,7.90600581218622,7.06634928723087,4.57473330248543,2.90130718062215,2.25643651197006,3.07318848462963,2.7707039673812,2.08149596648263,3.06340043913694,2.07879030348213,1.39111293353566,2.1180682548346,2.89670444536117
4.62,5.63875832782377,4.12501512102326,5.1811331446653,4.53402778981231,3.11035242372691,5.23022288710583,3.94542285161072,4.95432481318938,4.57676026935264,3.83397691424724,6.13409144695069,5.65647108518015,7.24044454406306,4.93930716059452,6.28824472193362,8.92978679063725,6.76148693765744,6.13780907060086,2.52457795898438,2.51057444003398,1.86601505664819,3.03196207737899,3.25494925078472,2.72201877191583,1.92370798599629,2.47293881918354,3.12258644026603,1.18162967160052,1.34492814692496,1.25844929175539,1.26372921919188,1.55561809540238,1.19427791372718,2.24871774029277,2.04198463184097,1.7655224691169,5.88493494792117,6.5870301082489,4.48123180040048,5.99093019574028,6.80558775108671,7.81947946165942,7.01642419899057,4.53312480472974,2.88321498186732,2.24410809722426,3.05138618990443,2.7518159873853,2.07124390021908,3.0404633054664,2.06857013126314,1.38802244423038,2.10742073452994,2.87707012972812
4.73,5.59975255841588,4.10563943267589,5.14712164005448,4.5105272542727,3.09032600979276,5.19218822952201,3.92810480883444,4.92620082442457,4.54353767007129,3.80605327308935,6.08956345114418,5.61642275375624,7.17614706183493,4.9075371895689,6.25875574803097,8.88256934178401,6.72674664290896,6.11152560878177,2.52082333552513,2.50067547853824,1.85902615526583,3.01210504695096,3.24304230938695,2.70669705317295,1.91573571950366,2.46066260628124,3.10046190042032,1.1803715325823,1.34239818467375,1.25660542635402,1.26184250125518,1.55125503107727,1.19292521620689,2.24094202046621,2.0328056395336,1.75985263410543,5.82582740236855,6.52029377208254,4.4452230470487,5.92795242366105,6.73412027834904,7.7376103798163,6.96909418330904,4.49395833490492,2.86613465527471,2.23256624184693,3.0308977799438,2.73414744002356,2.06164178735395,3.01902206977173,2.0589977161883,1.38512048432866,2.0974439915228,2.85860887525075
4.84,5.56258527162119,4.08732458145547,5.11495652150764,4.48831088007595,3.07138881456191,5.15588202243881,3.91171150588556,4.89934347978129,4.51188489104989,3.77957687571395,6.0475760640224,5.5782970542029,7.11481800904512,4.87725133613598,6.23067216485286,8.83755643345648,6.69392023757913,6.08667663442938,2.51728795786558,2.49122310714584,1.85242290933836,2.99338513427835,3.23176732988652,2.69220735597251,1.90824382716716,2.44902916746172,3.07968754339529,1.17918669660446,1.3400156211062,1.25486938729918,1.26006644983889,1.54715025160814,1.1916514189517,2.23349529700826,2.02417555968217,1.75446908031988,5.77015247284708,6.45715873367498,4.4112116134971,5.86875911183922,6.66661491204565,7.66006223702838,6.92415815039819,4.45703524392717,2.84998523510127,2.22173846745415,3.01161202565444,2.71758563450903,2.05262995835602,2.99893702892141,2.05001361897958,1.38239032398016,2.08807736388184,2.84122413992716
4.95,5.52712956090583,4.06998585364823,5.08449108557969,4.46727589056797,3.05345925044916,5.12119334324449,3.89617096141288,4.8736630196385,4.48169909330262,3.75444714975501,6.00792276395864,5.5419544919832,7.05627141038771,4.84833870196177,6.20389136324948,8.79458669027751,6.66285687217555,6.06315118483932,2.51395322939384,2.48218567543834,1.84617570097791,2.97571101358741,3.22107174743783,2.67848523486254,1.90119081423229,2.4379903777153,3.0601481926156,1.17806894029489,1.3377681395241,1.2532320274734,1.25839160862469,1.54328177380843,1.19044981537976,2.22635652045214,2.01604787494409,1.74935213817678,5.71763553077855,6.39736930360291,4.37903923475633,5.81303853859939,6.60277920978442,7.58652823135759,6.88143489588977,4.42217716527231,2.83469421991007,2.21156085288946,2.99342959742901,2.70203109448284,2.04415578887151,2.98008505244295,2.04156541237416,1.37981715389335,2.07926716993591,2.82482919471156
5.06,5.49327000316043,4.05354708185439,5.0555932595354,4.44732998680443,3.03646340188727,5.0880208401198,3.8814182947778,4.84907849242567,4.45288638762515,3.73057214713305,5.97041781762901,5.50726906788053,7.00033638925025,4.82070002891377,6.17832062977546,8.75351418128289,6.63342060748894,6.04084916832896,2.51080258340392,2.47353473283627,1.84025778581586,2.95900067276062,3.21090861368639,2.66547276345389,1.89453974472729,2.42750288068793,3.04174086027479,1.1770127250334,1.3356447295698,1.25168519809415,1.2568095682479,1.53963000098684,1.18931443789156,2.21950657215994,2.00838102095744,1.74448384138061,5.66802922345949,6.34069114766703,4.34856372053707,5.76051053806119,6.54234662956122,7.51672811169855,6.84076076358662,4.38922355205685,2.82019648255101,2.20197682327178,2.9762615468088,2.68739571667908,2.03617269811115,2.96235724373101,2.03360668562609,1.37738781789976,2.07096575129827,2.8093459530602
5.17,5.460901379302,4.03793961608946,5.0281438810171,4.42839006932024,3.0203341555083,5.05627165837739,3.86739488141733,4.82551666378937,4.42536081793128,3.70786765669156,5.93489383516671,5.47412669088694,6.94685559665311,4.79424619541917,6.15387598574143,8.7142066402571,6.60548866887755,6.0196800867948,2.50782121618725,2.46524461666908,1.83464495418753,2.94318026726571,3.2012358824826,2.65311771977939,1.88825764394723,2.41752749424764,3.02437324338506,1.17601310537972,1.33363552252209,1.25022161756615,1.25531282544957,1.53617741278,1.18823995885392,2.21292803223182,2.00113776372148,1.73984774340162,5.62111029746574,6.28690932558873,4.3196569998688,5.7109227997217,6.48507392285152,7.45040553268529,6.80198762346004,4.35802955669079,2.80643334489359,2.19293613588715,2.9600280102116,2.67360122248397,2.0286393116315,2.94565697824238,2.02609621204644,1.37509058887401,2.06313066606465,2.79470396005322
5.28,5.42992756354299,4.02310143794021,5.00203520944095,4.41038113926151,3.00501044660778,5.02586051498462,3.85404762597176,4.80291108608446,4.39904348868003,3.68625642501079,5.90119965105693,5.44242380539747,6.89568384286768,4.76889693363947,6.13048118362491,8.67654392193225,6.5789499346494,5.99956193192175,2.50499586068549,2.45729210231817,1.82931523986801,2.92818313839286,3.19201579980023,2.64137289142531,1.88231499083716,2.40802870457949,3.00796242849067,1.17506565179145,1.33173165036065,1.24883476022029,1.25389466433304,1.53290830151042,1.18722160707793,2.20660498079167,1.99428466621107,1.7354287585412,5.57667683951214,6.23582651791598,4.29220343833731,5.66404765094369,6.43073881617043,7.38732570138061,6.76498111715098,4.32846420007942,2.79335178914047,2.18439402721764,2.94465709858289,2.66057785057798,2.02151875825205,2.92989825113861,2.01899724966656,1.37291498005783,2.05572400590188,2.78083951659095
5.39,5.40026055576789,4.0089763953451,4.9771696339979,4.39323535071646,2.99043660388293,4.99670889763754,3.84132833439903,4.78120130134233,4.37386181248177,3.66566747001571,5.86919848261044,5.41206620051528,6.84668690116676,4.74457973187187,6.10806683701535,8.64041665914161,6.55370362345321,5.98042022845378,2.50231459377453,2.44965610495727,1.8242486685797,2.91394896911792,3.18321438082611,2.63019548053741,1.8766852851351,2.39897423376853,2.99243377323541,1.17416638510206,1.32992512475784,1.24751876155289,1.25254905579167,1.52980854719265,1.18625509703764,2.2005228272024,1.98779162993964,1.73121302356853,5.5345458746459,6.1872614229533,4.26609838551044,5.6196792544434,6.37913794667473,7.32727328096139,6.7296191312109,4.30040878628061,2.78090378286645,2.17631049248319,2.9300839432337,2.64826324886095,2.01477807696673,2.91500428002791,2.01227695113082,1.37085158545165,2.04871181578443,2.76769491835707
